feature,permutation_importance,permutation_std,standardised_coefficient
s_max_1000,0.0763840337774092,0.018358485629375546,1.1245573473254613
frac_wet_500,0.0713027425393268,0.019702763464850764,0.775288189881535
dist_strong_m,0.05033303712000581,0.03302897178527985,-1.6506553238940467
s_mean_500,0.04203963991466779,0.02272087931883209,0.3578346534642409
s_mean_150,0.029711443300708924,0.01879869015804406,0.3039801889691069
s_point,0.023051853807200963,0.02493045934405143,-0.8243069004991115
dist_wet_m,0.014021045596175216,0.01981746980483945,-0.5577714123483593
s_max_500,0.013783851664295493,0.024033570461522692,-0.36619651268806186
frac_wet_300,0.013467552927722398,0.011456584620614833,0.1765675021936028
s_max_150,0.013183246504858363,0.017221601872549328,-0.32689309750183543
frac_wet_150,0.0071750112156663505,0.014021640530687633,-0.44474694581415014
frac_wet_1000,0.0002005006522834557,0.0015746822066419132,0.051843937279557606
s_max_300,-0.0015462846390977517,0.0024281183648666715,-0.07120461118772306
s_mean_300,-0.0025173817353470337,0.010049903120000439,-0.20932015526058248
s_mean_1000,-0.019831455951258254,0.017285424567385778,-0.4993837464974934
